id,title,score,num_comments,url,created_utc,author,flair,upvote_ratio
1iiyj32,"Democrats Should Be Stopping A Lawless President, Not Helping Censor The Internet, Honestly WTF Are They Thinking",1632,116,https://www.techdirt.com/2025/02/05/democrats-should-be-stopping-a-lawless-president-not-helping-censor-the-internet-honestly-wtf-are-they-thinking/,2025-02-06 09:15:52,vriska1,Net Neutrality,0.93
1iinsxj,EXCLUSIVE: Woke furry hijacks social channels for right-wing group that published government ‘DEI Watch List’,14347,498,https://www.dailydot.com/debug/dei-watch-list-dossiers-civil-servants-social-media-hacked/,2025-02-05 23:08:57,abrownn,Security,0.94
1iixbuo,German activists sue X demanding election influence data,1947,15,https://kelo.com/2025/02/05/german-activists-sue-x-demanding-election-influence-data/,2025-02-06 07:44:48,Wagamaga,Society,0.98
1iipssl,Elon Musk Aide Is Now Working at VA and Accessing Its Computer Systems,3507,249,https://www.military.com/daily-news/2025/02/05/elon-musk-aide-now-working-va-and-accessing-its-computer-systems.html,2025-02-06 00:40:43,thatfreshjive,Security,0.97
1iiuad8,DOJ agrees to proposed order to limit DOGE's access to Treasury data,1698,98,https://abcnews.go.com/US/judge-weigh-block-doge-accessing-treasury-department-records/story?id=118498817,2025-02-06 04:29:22,esporx,Business,0.97
1iidxjc,Treasury tells Congress that DOGE has ‘Read Only’ access to payment systems,22717,2474,https://apnews.com/article/treasury-systems-trump-bessent-doge-musk-08eb241fc60807b5e1c7b35fcdaee245,2025-02-05 16:25:16,No-Information6622,Politics,0.94
1iighua,NASA Ordered to Remove Anything About ‘Women in Leadership’ From Its Websites: Report,10468,691,https://gizmodo.com/nasa-ordered-to-remove-anything-about-women-in-leadership-from-its-websites-report-2000559596,2025-02-05 18:09:14,esporx,Business,0.96
1iic6hd,USAID Was Investigating Starlink Over Its Contracts in Ukraine | The agency was in the midst of a probe into the billionaire's company at the time of the assault.,73200,1327,https://gizmodo.com/elon-musks-enemy-usaid-was-investigating-starlink-over-its-contracts-in-ukraine-2000559365,2025-02-05 15:12:12,chrisdh79,Politics,0.91
1iig869,You Can't Post Your Way Out Of Fascism,7506,362,https://www.404media.co/you-cant-post-your-way-out-of-fascism/,2025-02-05 17:58:37,Big_Process9521,Social Media,0.96
1iieyxg,DOGE Employees Ordered to Stop Using Slack While Agency Transitions to Records System That Is Not Subject to FOIA,9124,372,https://www.404media.co/email/dc4f2fa1-e993-4f30-aea1-b985998bd90a/,2025-02-05 17:07:21,CrankyBear,Business,0.97
1ii9zrd,"Disney+ Lost 700,000 Subscribers from October-December",37742,3336,https://www.indiewire.com/news/business/disney-plus-subscriber-loss-moana-2-profit-boost-q1-2025-earnings-1235091820/,2025-02-05 13:32:22,Task_Force-191,Business,0.96
1iix98j,DOGE Teen Owns ‘Tesla.Sexy LLC’ and Worked at Startup That Has Hired Convicted Hackers,474,21,https://www.wired.com/story/edward-coristine-tesla-sexy-path-networks-doge/,2025-02-06 07:39:26,apple_kicks,Politics,0.95
1iib8ha,Reddit community banned as user spat with Musk intensifies - BBC News,11334,1180,https://www.bbc.co.uk/news/articles/czrlep5xpmzo.amp,2025-02-05 14:31:13,Jabberminor,Business,0.95
1iiie6t,Trump calls for probe into California high speed rail project,3701,447,https://www.abc10.com/article/news/local/president-trump-wants-investigation-californias-high-speed-rail-project/103-3d91b5a7-dad8-40a3-8e5f-0d337ddc4268,2025-02-05 19:25:23,esporx,Business,0.95
1iiciyp,Teslas turn toxic as sales crash in Europe and the UK,7941,539,https://arstechnica.com/cars/2025/02/tesla-sales-plummet-in-the-uk-france-and-germany/,2025-02-05 15:27:08,Stiltonrocks,Business,0.97
1iid7e1,Russian army hit by mass Starlink outages on Ukraine frontline,7111,191,https://www.newsweek.com/russia-ukraine-starlink-outage-elon-musk-spacex-2026614,2025-02-05 15:56:08,The_Big_Untalented,Networking/Telecom,0.98
1ii9mof,DeepSeek users could face million-dollar fine and prison time under new law,7942,1195,https://www.the-independent.com/tech/deepseek-ai-us-ban-prison-b2692396.html,2025-02-05 13:13:03,lurker_bee,Politics,0.95
1iic8sb,Tesla Sales Plunge 59% in Germany to Lowest Level in Years,4660,137,https://finance.yahoo.com/news/tesla-sales-plunge-59-germany-143542145.html,2025-02-05 15:15:00,Wagamaga,Business,0.98
1iiryua,Google ends diversity hiring goals amid Trump-era compliance review,517,62,https://www.axios.com/2025/02/05/google-ends-minority-recruitment,2025-02-06 02:26:41,lurker_bee,Business,0.94
1ij139q,"‘It’s tectonic:’ U.S. foreign aid freeze deals a blow to research around the globe | Dismantling of USAID could disrupt clinical trials and wipe away U.S. “soft power” in developing countries, scientists warn",71,3,https://www.science.org/content/article/it-s-tectonic-u-s-foreign-aid-freeze-deals-blow-research-around-globe,2025-02-06 12:11:10,chrisdh79,Biotechnology,1.0
1iiisga,Trump wants a TikTok deal. China may pull the plug.,1282,134,https://www.washingtonpost.com/technology/2025/02/05/china-tiktok-sale-negotiations-trump/,2025-02-05 19:41:48,Moonskaraos,Social Media,0.95
1ij18go,US immigration is gaming Google to create a mirage of mass deportations,61,5,https://www.theguardian.com/us-news/2025/feb/06/ice-us-immigration-deportations-google,2025-02-06 12:19:41,zsreport,Politics,0.86
1iijv8d,Google Kills Diversity Hiring Targets,913,298,https://www.wsj.com/tech/google-kills-diversity-hiring-targets-04433d7c,2025-02-05 20:25:11,Puginator,Business,0.92
1ij1hbd,Steam now warns you if an ‘early access’ PC game might be abandoned | The Steam notice can tell you if a game that still needs work hasn’t been updated in months or even years.,38,0,https://www.theverge.com/news/607095/steam-early-access-abandonware-warning,2025-02-06 12:33:41,ControlCAD,Software,0.94
1ij0pd3,AI-Generated Slop Is Already In Your Public Library,43,20,https://www.404media.co/ai-generated-slop-is-already-in-your-public-library-3/,2025-02-06 11:47:20,Player2024_is_Ready,Artificial Intelligence,0.82
1ii4fco,"USPS Halts All Packages From China, Sending the Ecommerce Industry Into Chaos",8425,891,https://www.wired.com/story/tariffs-trump-ecommerce-amazon-temu/,2025-02-05 07:05:02,mixplate,Business,0.97
1iiak48,U.S. Postal Service Reverses Decision to Halt Parcel Service From China,2032,254,https://www.nytimes.com/2025/02/04/business/usps-china-de-minimis.html?smid=nytcore-ios-share&referringSource=articleShare,2025-02-05 14:00:59,StrngBrew,Business,0.97
1iigkvf,Sam Altman says OpenAI is 'on the wrong side of history' and needs a new open-source strategy after DeepSeek shock,902,115,https://fortune.com/2025/02/01/sam-altman-openai-open-source-strategy-after-deepseek-shock/,2025-02-05 18:12:38,BusinessEngineer6931,Artificial Intelligence,0.92
1iicecu,Why Mark Zuckerberg wants to redefine open source so badly,1104,91,https://www.zdnet.com/article/why-mark-zuckerberg-wants-to-redefine-open-source-so-badly/,2025-02-05 15:21:37,CrankyBear,Business,0.94
1iib3e7,"Cybersecurity, government experts are aghast at security failures in DOGE takeover",1166,27,https://cyberscoop.com/musk-doge-opm-treasury-breach/,2025-02-05 14:24:58,RevWaldo,Security,0.98
1ij1af6,Family of OpenAI whistleblower Suchir Balaji files lawsuit seeking San Francisco police records,17,1,https://www.mercurynews.com/2025/01/31/family-of-openai-whistleblower-suchir-balaji-files-lawsuit-seeking-san-francisco-police-records/,2025-02-06 12:22:52,MetaKnowing,Artificial Intelligence,0.95
1ihwo9g,Reddit temporarily bans r/WhitePeopleTwitter after Elon Musk claimed it had ‘broken the law’,29801,3120,https://www.msn.com/en-us/news/technology/reddit-temporarily-bans-r-whitepeopletwitter-after-elon-musk-claimed-it-had-broken-the-law/ar-AA1ypYNv?ocid=msedgntp&pc=U531&cvid=f00c973952a647fdd22b3e09c68da6e9&ei=9,2025-02-05 00:05:41,The_Critical_Cynic,Politics,0.91
1iihooq,Senator Tries Bringing Anti-Porn Age Verification Law to New York,362,96,https://www.404media.co/senator-tries-bringing-anti-porn-age-verification-law-to-new-york/,2025-02-05 18:57:40,indig0sixalpha,Privacy,0.88
1iim85d,"Workday cuts nearly 2,000 employees",196,65,https://techcrunch.com/2025/02/05/workday-cuts-nearly-2000-employees/,2025-02-05 22:02:16,lurker_bee,Business,0.92
1iime3h,Google tells employees why it’s ending DEI hiring goals. The company says it’s ‘carefully evaluating’ other DEI initiatives that ‘raise risk.’,186,94,https://www.theverge.com/google/607012/google-dei-hiring-goals-internal-memo,2025-02-05 22:09:15,Knightbear49,Politics,0.84
1ihx1bk,Google removes pledge to not use AI for weapons from website,11462,362,https://techcrunch.com/2025/02/04/google-removes-pledge-to-not-use-ai-for-weapons-from-website/,2025-02-05 00:22:53,alchenn,Robotics/Automation,0.98
1iic60s,"As Internet enshittification marches on, here are some of the worst offenders",561,94,https://arstechnica.com/gadgets/2025/02/as-internet-enshittification-marches-on-here-are-some-of-the-worst-offenders/,2025-02-05 15:11:39,Hrmbee,Business,0.95
1iiebzc,'Doom' can even be played on Apple's Lightning to HDMI adapter,394,70,https://appleinsider.com/articles/25/02/04/doom-can-even-be-played-on-apples-lightning-to-hdmi-adapter,2025-02-05 16:41:35,Genevieves_bitch,Software,0.91
1iikz9e,Korea pumps $23 billion into EVs and biotech in bid to spur growth,155,11,https://koreajoongangdaily.joins.com/news/2025-02-05/business/economy/Korea-pumps-23-billion-into-EVs-and-biotech-in-bid-to-spur-growth/2235567,2025-02-05 21:10:41,self-fix,Biotechnology,0.95
1iiekc3,Project 2025’s Creators Want to Dox Wikipedia Editors. The Tool They’re Using Is Horrifying.,323,37,https://slate.com/technology/2025/02/wikipedia-project-2025-heritage-foundation-doxing-editors-antisemitism.html,2025-02-05 16:51:16,Naurgul,Politics,0.94
1ii5kgg,Internet Archive played crucial role in tracking shady CDC data removals | Internet Archive makes it easier to track changes in CDC data online.,1461,18,https://arstechnica.com/tech-policy/2025/02/internet-archive-played-crucial-role-in-tracking-shady-cdc-data-removals/,2025-02-05 08:30:02,ControlCAD,Security,0.98
1ij16pb,Researchers created an open rival to OpenAI's o1 'reasoning' model for under $50,7,3,https://techcrunch.com/2025/02/05/researchers-created-an-open-rival-to-openais-o1-reasoning-model-for-under-50,2025-02-06 12:16:47,mareacaspica,Artificial Intelligence,0.82
1ihoyt2,"As the Trump admin deletes online data, scientists and digital librarians rush to save it",53165,1002,https://www.salon.com/2025/02/04/as-the-admin-deletes-online-data-scientists-and-digital-librarians-rush-to-save-it/,2025-02-04 18:41:59,Wagamaga,Society,0.93
1iir42r,Tech workers would take a huge pay cut for remote jobs,46,37,https://www.bizjournals.com/pacific/news/2025/02/05/remote-work-pay-cut-return-to-office.html,2025-02-06 01:44:11,honkeem,Business,0.73
1ii7602,Will TikTok Be Banned Again? Tech Giants Could Face $850 Billion In Potential Fines As Trump’s Grace Period Creates Uncertainty,681,52,https://www.forbes.com/sites/esatdedezade/2025/02/05/will-tiktok-be-banned-again-tech-giants-could-face-850-billion-in-potential-fines-as-trumps-grace-period-creates-uncertainty/,2025-02-05 10:33:46,catsandboobies,ADBLOCK WARNING,0.94
1ij0wkw,UK Online Safety Act may not be safe for blog owners,6,1,https://www.theregister.com/2025/02/06/uk_online_safety_act_bloggers/,2025-02-06 12:00:16,vriska1,Net Neutrality,1.0
1iifm20,Head of US AI Safety Institute to Leave as Trump Shifts Course,171,6,https://www.bloomberg.com/news/articles/2025-02-04/head-of-us-ai-safety-institute-to-leave-as-trump-shifts-course,2025-02-05 17:33:33,MetaKnowing,Artificial Intelligence,0.93
1iisutl,Quantum teleportation used to distribute a calculation: Method allows a single algorithm to be spread across multiple quantum processors,24,0,https://arstechnica.com/science/2025/02/quantum-teleportation-used-to-distribute-a-calculation/,2025-02-06 03:12:08,moxyte,Hardware,0.84
1iih2hj,AI Company Asks Job Applicants Not to Use AI in Job Applications,106,10,https://www.404media.co/anthropic-claude-job-application-ai-assistants/?_hsenc=p2ANqtz-9dzNo8TZ-r5ePawEqdISZmKGSqSG8DtaPNUlwrQU7JJKrY4wUQwLJgoGOtCpXRNL7oaQULKyiI4RtlQ8lx_AfiFbTj_A&_hsmi=345755893,2025-02-05 18:32:40,granny_ew,Artificial Intelligence,0.93
1iiltqm,7-Zip 0-day was exploited in Russia’s ongoing invasion of Ukraine | Vulnerability stripped MotW tag Windows uses to flag Internet-downloaded files.,59,7,https://arstechnica.com/security/2025/02/7-zip-0-day-was-exploited-in-russias-ongoing-invasion-of-ukraine/,2025-02-05 21:45:39,ControlCAD,Security,0.85
1ihknrt,"Workers at NASA Told to ‘Drop Everything’ to Scrub Mentions of Indigenous People, Women from Its Websites | ""This is a drop everything and reprioritize your day request,"" a directive ""per NASA HQ direction"" stated.",28095,1894,https://www.404media.co/nasa-dei-drop-everything-executive-order/,2025-02-04 15:47:27,chrisdh79,Space,0.94
1ij24jf,It’s Official: the Cybertruck is More Explosive than the Ford Pinto,3,0,https://fuelarc.com/evs/its-official-the-cybertruck-is-more-explosive-than-the-ford-pinto/,2025-02-06 13:08:37,Moonskaraos,Transportation,1.0
1iidks1,Google owner drops promise not to use AI for weapons,135,17,"https://www.theguardian.com/technology/2025/feb/05/google-owner-drops-promise-not-to-use-ai-for-weapons#:~:text=The%20Google%20owner%2C%20Alphabet%2C%20has,developing%20weapons%20and%20surveillance%20tools.",2025-02-05 16:10:54,AravRAndG,Artificial Intelligence,0.9
1ij1q5g,hey sam,3,0,https://www.sfexaminer.com/news/technology/openai-whistleblower-parents-sue-to-get-sfpd-inquiry-report/article_3980e7cc-e28b-11ef-a19c-cfd9cec0f956.html,2025-02-06 12:47:35,3rd_eye_samurAI,Artificial Intelligence,1.0
1iim5gl,Massive black hole in the early universe spotted taking a ‘nap’ after overeating,42,8,https://www.cam.ac.uk/research/news/massive-black-hole-in-the-early-universe-spotted-taking-a-nap-after-overeating,2025-02-05 21:59:14,fchung,Space,0.75
1ihlyj3,Federal Workers Sue to Disconnect DOGE Server,10909,216,https://www.wired.com/story/federal-workers-sue-over-doge-server/,2025-02-04 16:41:22,No-Information6622,Politics,0.98
1ii8uxy,"‘Dear, did you say pastry?’: meet the ‘AI granny’ driving scammers up the wall",210,19,https://www.theguardian.com/money/2025/feb/04/ai-granny-scammers-phone-fraud,2025-02-05 12:29:33,YesNo_Maybe_,Artificial Intelligence,0.9
1iieefq,DeepSeek spent $1.6B and bought 50k NVIDIA GPUs for its AI,93,75,https://www.windowscentral.com/software-apps/deepseek-6-million-r1-cost-efficient-model-training-might-be-a-ruse,2025-02-05 16:44:23,lurker_bee,Business,0.73
1iimix7,Tech giant lays off 617 workers in Bay Area hometown,33,13,https://www.sfgate.com/tech/article/workday-lays-off-617-bay-area-workers-20149231.php,2025-02-05 22:14:42,abrownn,Business,0.7
1ii4j2r,"Australia bans DeepSeek on government devices, citing security concerns",505,56,https://www.thehindu.com/sci-tech/technology/australia-bans-deepseek-on-government-devices-citing-security-concerns/article69182472.ece,2025-02-05 07:12:30,Own_Advice_5201,Artificial Intelligence,0.92
1iijpqv,"US approves ""milestone"" Parkinson's treatment for 2025 release",46,2,https://newatlas.com/medical-devices/parkinsons-disease-onapgo/,2025-02-05 20:18:46,donquixote2000,Hardware,0.83
1iisxpb,Kagi search engine won’t bill you next month if you forget to use it,10,5,https://www.theverge.com/news/606468/kagi-search-bill-credit-free-month-forget,2025-02-06 03:16:30,moeka_8962,Software,0.63
1iimzhr,Google scraps diversity-based hiring targets,28,2,https://www.reuters.com/technology/google-scraps-diversity-based-hiring-targets-wsj-reports-2025-02-05/,2025-02-05 22:34:11,rhemgrozob,Politics,0.7
1iilgyn,iOS App Store apps with screenshot-reading malware found for the first time,30,7,https://www.theverge.com/news/606649/ios-iphone-app-store-malicious-apps-malware-crypto-password-screenshot-reader-found,2025-02-05 21:30:46,cos,Security,0.79
1iii8mh,Ex-Google Engineer Charged With Espionage to Boost AI in China,41,9,https://www.bloomberg.com/news/articles/2025-02-05/ex-google-engineer-charged-with-espionage-to-boost-ai-in-china,2025-02-05 19:19:14,MetaKnowing,Artificial Intelligence,0.75
1iim36x,AMD outsells Intel in the datacenter for the first time in Q4 2024,25,4,https://www.tomshardware.com/pc-components/cpus/amd-outsells-intel-in-the-datacenter-for-the-first-time-in-q4-2024,2025-02-05 21:56:31,Arthur_Morgan44469,Hardware,0.76
1ihhpje,Trump orders USDA to take down websites referencing climate crisis,11104,494,https://www.theguardian.com/us-news/2025/jan/31/trump-order-usda-websites-climate-crisis,2025-02-04 13:32:09,AaryamanStonker,Politics,0.97
1ihf8n2,"TikTok’s algorithm exhibited pro-Republican bias during 2024 presidential race, study finds | Trump videos were more likely to reach Democrats on TikTok than Harris videos were to reach Republicans",50645,2150,https://www.psypost.org/tiktoks-algorithm-exhibited-pro-republican-bias-during-2024-presidential-race-study-finds/,2025-02-04 11:06:00,chrisdh79,Social Media,0.88
1ii91yg,Gun Lobbyists and Cambridge Analytica Weaponized Gun Owners’ Private Details for Political Gain,114,4,https://www.propublica.org/article/guns-lobbying-cambridge-analytica-nssf-privacy-elections,2025-02-05 12:41:13,zsreport,Privacy,0.93
1iirqfn,Huawei manages to pull $118 billion in revenue despite strict U.S. sanctions and restrictions | By focusing on making in-house chips and investing in the automotive and artificial intelligence space,9,1,https://www.tomshardware.com/tech-industry/huawei-manages-to-pull-usd118-billion-in-revenue-despite-strict-u-s-sanctions-and-restrictions,2025-02-06 02:14:56,ControlCAD,Business,0.63
1iilhpd,Dumping open source for proprietary rarely pays off: Better to stick a fork in it,18,1,https://www.zdnet.com/article/dumping-open-source-for-proprietary-rarely-pays-off-better-to-stick-a-fork-in-it/,2025-02-05 21:31:36,CrankyBear,Business,0.71
1iiaa1j,Google Lifts Self-Imposed Ban on Using AI for Weapons and Surveillance,80,23,https://gizmodo.com/google-lifts-self-imposed-ban-on-using-ai-for-weapons-and-surveillance-2000559287,2025-02-05 13:47:13,indig0sixalpha,Artificial Intelligence,0.89
1ij248u,"Google is eliminating its diversity hiring targets, joining other companies in scaling back DEI efforts | Google had been one of the loudest proponents of diversity hiring",0,0,https://www.techspot.com/news/106667-google-eliminating-diversity-hiring-targets-joining-other-companies.html,2025-02-06 13:08:14,chrisdh79,Business,0.5
1ij1rfq,LinuxPDF,1,1,https://linux.doompdf.dev/linux.pdf,2025-02-06 12:49:38,Doener23,Software,0.67
1ihrxu5,"$42B broadband grant program may scrap Biden admin’s preference for fiber | NTIA nominee to rework Broadband Equity, Access, and Deployment program.",1619,184,https://arstechnica.com/tech-policy/2025/02/trump-picks-ted-cruzs-telecom-chief-to-overhaul-42b-broadband-program/,2025-02-04 20:43:16,ControlCAD,Net Neutrality,0.96
1ihsphv,Google Lifts a Ban on Using Its AI for Weapons and Surveillance,1288,94,https://www.wired.com/story/google-responsible-ai-principles/,2025-02-04 21:14:32,Knightbear49,Artificial Intelligence,0.96
1iiearp,Meet the Hired Guns Who Make Sure School Cyberattacks Stay Hidden,38,1,https://www.wired.com/story/meet-the-hired-guns-who-make-sure-school-cyberattacks-stay-hidden/,2025-02-05 16:40:14,PuppetMasterJC,Privacy,0.82
1iin3sb,Chip Architectures Becoming Much More Complex With Chiplets,11,0,https://semiengineering.com/chip-architectures-becoming-much-more-complex-with-chiplets/,2025-02-05 22:39:17,Vailhem,Hardware,0.73
1iid6eg,"Temu, Shein targeted as EU cracks down on unsafe e-commerce imports",34,4,https://www.cnbc.com/2025/02/05/temu-shein-targeted-as-eu-cracks-down-on-unsafe-e-commerce-imports.html,2025-02-05 15:55:03,Puginator,Society,0.79
1ihna2l,California bill would make AI companies remind kids that chatbots aren’t people,2063,62,https://www.theverge.com/news/605728/california-chatbot-bill-child-safety,2025-02-04 17:34:25,MetaKnowing,Artificial Intelligence,0.98
1iifeaf,Thailand cuts power supplies to Myanmar border towns in effort to curb scam rings,17,3,https://apnews.com/article/thailand-myanmar-scam-electricity-cut-0cfdfb57aa2e05e5835b1af3b4ac8e1a,2025-02-05 17:24:35,lotteryhawk,Society,0.78
1iijyrs,"Global Investment in the Energy Transition Exceeded $2 Trillion for the First Time in 2024, According to BloombergNEF Report",12,1,https://about.bnef.com/blog/global-investment-in-the-energy-transition-exceeded-2-trillion-for-the-first-time-in-2024-according-to-bloombergnef-report/,2025-02-05 20:29:20,Wagamaga,Energy,0.73
1ihxnmw,Court protects Facebook from Charleston church shooter lawsuit,365,39,https://www.wcnc.com/article/news/local/charleston-church-shooter-radicalized-lawsuit-facebook/275-bd77123d-3d8f-4592-9ccd-24f82bce8682,2025-02-05 00:52:01,StraightedgexLiberal,Social Media,0.9
1iifsxq,"Google ending AI arms ban incredibly concerning, campaigners say",16,1,https://www.bbc.com/news/articles/cy081nqx2zjo,2025-02-05 17:41:26,MetaKnowing,Artificial Intelligence,0.64
1ihomka,"Spotify Adds 35 Million Users, Hits First Full-Year Profit",898,276,https://www.hollywoodreporter.com/business/business-news/spotify-first-full-year-profit-user-growth-1236126766/,2025-02-04 18:28:46,BalticsFox,Business,0.87
1ii9j3d,Global ransomware payments plunge by a third amid crackdown,28,1,https://www.theguardian.com/technology/2025/feb/05/global-ransomware-payments-plunge-by-a-third-amid-crackdown,2025-02-05 13:07:35,die_mannequin,Security,0.82
1iicqgj,"China considers probe into Apple's policies and App Store fees, Bloomberg News reports",19,3,https://ca.finance.yahoo.com/news/china-mulling-probe-apples-app-091927421.html,2025-02-05 15:36:03,Puginator,Society,0.69
1ii9jv7,"USPS suspends shipments from China and Hong Kong, impacting Shein and Temu orders",25,16,https://www.techspot.com/news/106649-usps-suspends-shipments-china-hong-kong-impacting-shein.html,2025-02-05 13:08:44,AdSpecialist6598,Business,0.67
1ihndos,OpenAI says its models are more persuasive than 82% of Reddit users | ChatGPT maker worries about AI becoming “a powerful weapon for controlling nation states.”,885,205,https://arstechnica.com/ai/2025/02/are-ais-getting-dangerously-good-at-persuasion-openai-says-not-yet/,2025-02-04 17:38:31,MetaKnowing,Artificial Intelligence,0.91
1ih88hg,A Coup Is In Progress In America,55483,4984,https://www.techdirt.com/2025/02/03/a-coup-is-in-progress-in-america/?utm_source=fark&utm_medium=website&utm_content=link&ICID=ref_fark,2025-02-04 03:17:29,mistertickertape,Politics,0.8
1ihs53e,Google’s new AI policy removes promises not work on weapons or surveillance,463,31,https://www.washingtonpost.com/technology/2025/02/04/google-ai-policies-weapons-harm/,2025-02-04 20:51:43,AndIHaveMilesToGo,Artificial Intelligence,0.95
1ii9b3m,"Alphabet stock tumbles after cloud revenue miss, spending growth",22,4,https://finance.yahoo.com/news/alphabet-stock-tumbles-after-cloud-revenue-miss-spending-growth-210708696.html,2025-02-05 12:55:51,RealVanCough,Business,0.75
1ihzsup,Abandoned AWS S3 buckets can be reused in supply-chain attacks that would make SolarWinds look 'insignificant',151,14,https://www.theregister.com/2025/02/04/abandoned_aws_s3/?td=rt-3a,2025-02-05 02:35:57,Logical_Welder3467,Security,0.95
1ii4orh,Microsoft to kill off Defender VPN on February 28,56,15,https://www.theregister.com/2025/02/03/microsoft_defender_vpn_killed_off/,2025-02-05 07:24:05,imaginary_num6er,Software,0.8
1iizll9,AI Cognition & Emergence – A New Framework That Changes Everything,0,1,https://www.compsonsystem.com/cognitive-induction-document,2025-02-06 10:33:05,thisverytable,Artificial Intelligence,0.38
1ii9hui,Nissan set to scrap merger talks with Honda: source,16,9,https://english.kyodonews.net/news/2025/02/ea43aa99ae39-update1-nissan-set-to-scrap-merger-talks-with-honda-source.html,2025-02-05 13:05:42,Saltedline,Business,0.72
1iifn3n,Workday erases 8.5% of workforce because of AI,6,11,https://www.theregister.com/2025/02/05/workday_restructure_job_cuts/,2025-02-05 17:34:45,MetaKnowing,Business,0.57
1ihf5zc,Shein and Temu depend on a 100-year-old tariff loophole that Trump wants to close,1834,130,https://www.theverge.com/news/605483/shein-temu-amazon-trump-tariffs-de-minimis-exemption,2025-02-04 11:01:00,Player2024_is_Ready,Business,0.95
1ihf1jy,Secretive FBI group probing UFOs worried they'll get purged by DOGE,1881,193,https://www.newsweek.com/secretive-fbi-group-probing-ufo-worried-purged-doge-report-2025539,2025-02-04 10:52:00,TommyShelbyPFB,Space,0.92
1iidfdi,"Google opens its most powerful AI models to everyone, the next stage in its virtual agent push",9,1,https://www.cnbc.com/2025/02/05/google-opens-gemini-2point0-its-most-powerful-ai-model-to-everyone.html,2025-02-05 16:04:54,Puginator,Artificial Intelligence,0.64
